{"cameraMode":{"drawMode":0,"name":"Shaded","section":"Shading Mode"},"sceneLighting":true,"audioPlay":false,"sceneViewState":{"showFog":true,"showMaterialUpdate":false,"showSkybox":true,"showFlares":true,"showImageEffects":true,"showParticleSystems":true},"in2DMode":false,"pivot":{"x":-1.9001421928405762,"y":-2.9451422691345217,"z":13.897222518920899},"rotation":{"x":0.17390063405036927,"y":-0.16459742188453675,"z":0.029492085799574853,"w":0.9704744815826416},"size":25.058732986450197,"orthographic":false}